"Key","Type","Desc","English","Chinese (Simplified)","French","German","Italian","Polish","Russian","Spanish","UI_Tester"
"VOID_OMEN_TITLE_1","Text","","Ambushes more dangerous and more likely, but have more crates","伏击更危险且更频繁，但有更多资源箱","Les embuscades sont plus dangereuses et plus fréquentes, mais il y a plus de caisses de stockage.","Hinterhalte sind gefährlicher und wahrscheinlicher, enthalten dafür aber mehr plünderbare Kisten","","","Негатив: повышена вероятность особо опасных засад. 
Позитив: где засады - там и ящики с ресурсами","",""
"VOID_OMEN_TITLE_2","Text","","All diplomatic penalties and rewards halved","所有外交惩罚和奖励减半","Toutes les pénalités et récompenses diplomatiques sont réduites de moitié","Diplomatie: Strafen/Belohnungen halbiert","","","Негатив: все награды от фракций уменьшены вдвое.
Позитив: дипломатические штрафы тоже уменьшены вдвое","",""
"VOID_OMEN_TITLE_3","Text","","All abilities cost +50% WP, but Delirium has no effect on WP","所有技能消耗意志力增加50%，但谵妄不影响意志力","Toutes les capacités coûtent +50% de Points de Volonté, mais le Delirium n'a aucun effet sur les Points de Volonté.","Alle Fähigkeiten kosten +50% Willenskraft (WP), dafür beeinflusst Delirium Willenskraft nicht","","","Негатив: все способности стоят +50% к Очкам Воли.
Позитив: Сонное Безумие не влияет на Очки Воли","",""
"VOID_OMEN_TITLE_4","Text","","Max operatives that can be deployed reduced by 2, but +100% experience ","可部署干员上限减少2，但经验获得增加100%","6 unités maximum peuvent être déployées sur n'importe quelle mission, mais +100% d'expérience.","Maximal einsetzbare Einheiten -2, dafür +100% Erfahrung","","","Негатив: максимальное количество бойцов для миссий уменьшено на 2 (до 6).
Позитив: оставшиеся бойцы получают опыт +100%","",""
"VOID_OMEN_TITLE_5","Text","","Haven defenders always hostile, but crates available for looting ","避难所防御者始终敌对，但可掠夺资源箱","Les défenseurs des refuges sont toujours hostiles, mais des caisses sont disponibles pour le pillage.","Zufluchtsverteidiger stets feindselig, Kisten plünderbar","","","Негатив: защитники убежищ всегда настроены враждебно и к бойцам Феникса.
Позитив: в миссиях по защите убежищ присутствуют ящики с ресурсами","",""
"VOID_OMEN_TITLE_6","Text","","Pandorans evolve as they lose missions and colonies, but Phoenix research output increased by 50%","潘多拉体在失去任务和殖民地时进化，但凤凰计划研究产出增加50%","Les pandoriens évoluent au fur et à mesure qu'ils perdent des missions et des colonies.","Pandoraner entwickeln sich mit verlorenen Missionen und Kolonien weiter, Phoenix-Forschung +50%","","","Негатив: Пандораны эволюционируют быстрее, если проигрывают бои и теряют Колонии. 
Позитив: скорость исследований Проекта Феникс увеличена на 50%","",""
"VOID_OMEN_TITLE_7","Text","","More Mist in missions, can deploy one more operative on standard missions","任务中迷雾增多，标准任务可多部署一名干员","Plus de brume dans les missions","Mehr Nebel in Missionen, eine zusätzliche Einheit in Standardmissionen einsetzbar","","","Негатив: больше Тумана во всех миссиях.
Позитив: +1 боец к лимиту (до 9) в стандартных миссиях","",""
"VOID_OMEN_TITLE_7_ALT","Text","","More Mist in missions, but easier to see through","任务中迷雾增多，但更容易看穿","Plus de brume dans les missions","Mehr Nebel in Missionen, dafür bessere Sicht durch den Nebel","","","Негатив: больше Тумана во всех миссиях.
Позитив: но он более прозрачен, чем обычно.","",""
"VOID_OMEN_TITLE_8","Text","","Diplomatic penalties among factions +50%, but research by factions doubled","派系间外交惩罚增加50%，但派系研究产出翻倍","Pénalités diplomatiques entre factions +50%, mais recherche de factions doublée","Diplomatiestrafen zwischen Fraktionen +50%, Fraktionsforschung verdoppelt","","","Негатив: дипломатические штрафы фракций +50%.
Позитив: удвоена скорость исследований во фракциях","",""
"VOID_OMEN_TITLE_9","Text","","Attacks on havens twice as frequent","对避难所的攻击频率加倍","Des attaques deux fois plus fréquentes contre les refuges","Angriffe auf Zufluchten doppelt so häufig","","","Негатив: нападения на убежища стали чаще в два раза","",""
"VOID_OMEN_TITLE_10","Text","","No limit to Delirium, regardless of ODI level","谵妄无限制，无视梦魇谵妄（ODI）等级","Aucune limite au Delirium, quel que soit le niveau de l'indice (IDO)","Kein Delirium-Limit (unabhängig von der ODI-Stufe)","","","Негатив: Сонное Безумие не ограничено уровнем ИСБ (Индекса Сонного Безумия)","",""
"VOID_OMEN_TITLE_11","Text","","Behemoth disruption threshold increased","巨兽（Behemoth）干扰阈值提高","Augmentation du seuil de perturbation du Béhémoth","Die Störschwelle des Behemoths wurde erhöht","","","Негатив: количество Очков Разрушения, необходимых, чтобы Бегемот нырнул отдохнуть, увеличено","",""
"VOID_OMEN_TITLE_12","Text","","Strength of Pandoran attacks on Havens increased by 50%","潘多拉体对避难所的攻击强度提高50%","La force des attaques des Pandoriens sur les refuges est augmentée de 50%.","Stärke pandoranischer Angriffe auf Zufluchten +50%","","","Негатив: сила атак Пандоранов на убежища увеличена на 50%","",""
"VOID_OMEN_TITLE_13","Text","","New Pandoran Colonies are built 100% faster","潘多拉殖民地建设速度提升100%","Les nouvelles colonies pandoriennes sont construites 100 % plus rapidement.","Neue Kolonien entstehen doppelt so schnell","","","Негатив: новые колонии Пандоранов строятся на 100% быстрее","",""
"VOID_OMEN_TITLE_14","Text","","Human perception lowered to 20 from 30","人类感知从30降低至20","Perception humaine diminuée de 35 à 20","Menschliche Wahrnehmung 20 (statt 30)","","","Негатив: базовое восприятие людей снижено с 30 до 20","",""
"VOID_OMEN_TITLE_15","Text","","More Touched by the Void, but Umbra disappear after 1 turn","更多被虚空触碰者出现，但幽影（Umbra）1回合后消失","Plus d'Ombres","Mehr Leerenberührte, dafür verschwinden Umbras nach 1 Runde","","","Негатив: увеличилось количество Благословленных Пустотой 
Позитив: Фиолетовые Твари дохнут сами в конце хода","",""
"VOID_OMEN_TITLE_16","Text","","Touched by the Void can appear anywhere and Umbras can attack anyone","被虚空触碰者可出现在任何地点，幽影可攻击任何目标","Les Ombres peuvent apparaître n'importe où et attaquer n'importe qui","Leerenberührte erscheinen überall, Umbras greifen jeden an","","","Негатив: Благословленные Пустотой могут появиться где угодно, а Фиолетовые Твари могут напасть на кого угодно","",""
"VOID_OMEN_TITLE_17","Text","","Havens in Mist destroyed by Pandorans always become infested","迷雾中被潘多拉摧毁的避难所总是变成感染避难所","Les refuges détruits dans la brume deviennent toujours infestés","Zufluchten im Nebel werden bei pandoranischer Zerstörung immer verseucht","","","Негатив: разрушенные в Тумане убежища всегда становятся зараженными","",""
"VOID_OMEN_TITLE_18","Text","","Havens defense rating higher, rewards from haven defense missions lower","避难所防御评级提高，避难所防御任务奖励降低","Le taux de défense des refuges est plus élevé, mais les récompenses des missions de défense sont plus faibles.","Zufluchtsverteidigung erhöht, niedrigere Belohnungen für Verteidigungen","","","Негатив: награды за выполнение миссий по защите убежищ уменьшены.
Позитив: оборонительные возможности убежищ увеличены","",""
"VOID_OMEN_TITLE_19","Text","","Pandorans gain adaptive resistance, Bazaar prices reduced ","潘多拉体获得适应性抗性，市集（Bazaar）价格降低 ","Les Pandorans acquièrent une résistance évolutive réactive, le coût de la technologie du Bazar est réduit","Pandoraner erhalten adaptive Resistenz, Basarpreise sinken","","","Негатив: Пандораны приобрели адаптивную стойкость.
Позитив: снизились цены на Рынке","",""
"VOID_OMEN_TITLE_20","Text","","Behemoth can deploy experimental (lower strength) Abbadons","巨兽可以部署实验性（较低强度）阿巴顿","Le Behemoth peut déployer des Abbadons expérimentaux (de force inférieure).","Behemoth kann experimentelle (schwächere) Abaddons einsetzen","","","Бегемот может выпускать экспериментальные (с меньшей силой) летуны класса Аббадон","",""
"VOID_OMEN_DESCRIPTION_TEXT_1","Text","","Communication intercepts from both factions and independent scavenging teams show a spike in hostile encounters, correlating to an overall shift in focus towards foraging as a more relevant procurement source. We speculate that the existence of previously hidden caches has been revealed simultaneously to a number of groups, prompting a scramble to secure them.
","来自两个派系和独立拾荒队的通信拦截显示敌对遭遇激增，这与整体上将觅食作为更重要的采购来源的关注转移相吻合。我们推测，之前隐藏的储藏点的存在同时被多个团体发现，促使他们争相抢占。","<i>« Les rapports que nous interceptons des équipes de récupérateurs, qu'ils soient de faction ou indépendants, indiquent que cela devient plus dangereux là-bas... Mais nous verrons probablement plus de butin, car... moins de concurrence. »</i>","Abgehörte Kommunikationsaufzeichnungen beider Fraktionen und unabhängiger Plünderteams zeigen einen sprunghaften Anstieg feindseliger Begegnungen, was mit einer allgemeinen Verlagerung des Fokus hin zur Nahrungssuche als wichtigerer Beschaffungsquelle korreliert. Wir vermuten, dass die Existenz zuvor verborgener Vorräte gleichzeitig mehreren Gruppen bekannt wurde, was ein Wettrennen um deren Sicherung auslöste.","","","Перехваченные сообщения от поисковых отрядов фракций и вольных поселений свидетельствуют о росте числа столкновений. Наблюдается общее увеличение усилий в сторону поиска ресурсов, как наиболее более важного источника снабжения. Мы предполагаем, что о существовании ранее скрытых тайников стало известно одновременно нескольким группам, что и спровоцировало борьбу за них.","",""
"VOID_OMEN_DESCRIPTION_TEXT_2","Text","","Analysis of public feeds indicates a sudden onset of political apathy within the havens populace and political leadership. Under these circumstances it will be difficult to make headway with any faction towards goal alignment. However, the situation does present an opportunity for executing actions that were previously deemed prohibitively unpopular.","对公开信息流的分析显示避难所居民和政治领导层中突然出现政治冷漠。在这种情况下，与任何派系达成目标一致将变得困难。然而，这种局势也为执行此前被认为极不受欢迎的行动提供了机会。","<i>« Nous perdons notre boussole éthique, si nous en avons jamais eu une. »</i> ","Die Analyse öffentlicher Informationskanäle deutet auf einen abrupten Ausbruch politischer Apathie innerhalb der Bevölkerung und der politischen Führung der Zufluchten hin. Unter diesen Umständen wird es schwierig sein, mit irgendeiner Fraktion nennenswerte Fortschritte bei der Zielangleichung zu erzielen. Die Situation eröffnet jedoch die Möglichkeit, Maßnahmen umzusetzen, die zuvor als politisch nicht durchsetzbar galten.","","","Анализ публичных сообщений указывает на внезапное наступление политической апатии среди населения и политического руководства убежищ. В этих обстоятельствах будет трудно добиться прогресса с какой-либо фракцией в достижении общих целей. Однако сложившаяся ситуация предоставляет возможность для осуществления действий, которые ранее считались весьма непопулярными.","",""
"VOID_OMEN_DESCRIPTION_TEXT_3","Text","","We are now in a position to confirm that the feeling of persistent tiredness and increased difficulty in executing strenuous mental or physical tasks is exacerbated in stressful situations, most notably combat. No biochemical changes have been observed, however, and we are not able to clinically explain this condition nor treat it.","我们现在可以确认，持续的疲劳感和执行剧烈精神或体力任务的困难在压力情境中加剧，尤其是在战斗中。尚未观察到任何生化变化，我们无法临床解释或治疗这种状况。","<i>« C'est un cauchemar éveillé. Peut-on s'habituer aux cauchemars ? »</i> ","Wir können inzwischen bestätigen, dass das anhaltende Gefühl von Müdigkeit sowie die zunehmende Schwierigkeit, geistig oder körperlich anstrengende Aufgaben auszuführen, sich unter Stress deutlich verschärfen – insbesondere im Gefecht. Biochemische Veränderungen konnten bislang nicht festgestellt werden; eine klinische Erklärung oder Behandlung dieses Zustands ist derzeit nicht möglich.","","","Теперь мы можем подтвердить, что чувство постоянной усталости и неспособность выполнять напряженные умственные или физические задачи усиливаются в стрессовых ситуациях, особенно в бою. Однако никаких биохимических изменений не наблюдается, и мы не в состоянии объяснить это состояние с точки зрения медицины и вылечить его.","",""
"VOID_OMEN_DESCRIPTION_TEXT_4","Text","","Our analysis of the latest mission reports and debriefings shows a worrisome trend: our operatives are increasingly irritable and distrustful of each other, often choosing to perform tasks themselves rather than relying on their teammates.

<i>""Have you seen the latest psych-evals? 'Trust issues' is putting it mildly: they could start shooting each other any minute. If you want my advice, keep the combat units small, at least for a while.""</i>","我们对最新任务报告和总结的分析显示一个令人担忧的趋势：我们的干员越来越易怒且互不信任，常常选择自己完成任务而非依赖队友。

<i>“你看过最新的心理评估吗？‘信任问题’都不足以形容：他们随时可能互相开火。如果你问我建议，至少暂时保持战斗单位规模小一些。”</i>","<i>« Vous avez vu les derniers tests psychologiques ? Les « problèmes de confiance » sont un euphémisme : ils peuvent commencer à se tirer dessus à tout moment. Si vous voulez mon avis, gardez les unités de combat réduites, au moins pour un moment. »</i> ","Unsere Auswertung der jüngsten Einsatzberichte und Nachbesprechungen zeigt einen besorgniserregenden Trend: Unsere Einheiten reagieren zunehmend gereizt und misstrauisch gegenüber ihren Kameraden und ziehen es häufig vor, Aufgaben allein zu erledigen, anstatt sich auf ihr Team zu verlassen.

<i>„Schon die neuesten psychologischen Gutachten gesehen? ‚Vertrauensprobleme‘ ist noch milde ausgedrückt: Die könnten jeden Moment aufeinander schießen. Mein Rat: Die Kampfteams sollten vorerst klein gehalten werden.“</i>","","","Наш анализ последних отчетов о миссиях и разборов полетов выявил тревожную тенденцию: наши бойцы становятся все более раздражительными и недоверчивыми друг к другу, часто предпочитая выполнять задания самостоятельно, а не полагаться на своих товарищей по отряду.

<i>""Вы видели последние результаты психологических осмотров? ""Проблемы с доверием"" - это еще мягко сказано: они могут начать стрелять друг в друга в любую минуту. Если хотите мой совет, держите боевые подразделения небольшими, по крайней мере, в течение некоторого времени.""</i>","",""
"VOID_OMEN_DESCRIPTION_TEXT_5","Text","","We are receiving baffling reports that sizable contingents of haven inhabitants are convinced that the Pandoran attacks are being provoked by the Phoenix Project for ulterior motives, ranging from world domination to marauding. They are demanding the authorities provide weapons and other equipment to protect their homes. ","我们收到令人困惑的报告，大批避难所居民坚信潘多拉体的攻击是凤凰计划出于不可告人的目的所挑衅的，动机从世界统治到掠夺不等。他们要求当局提供武器和其他装备以保护家园。","<i>""Ils sont devenus paranoïaques ! Ils pensent que nous ne sommes pas là pour les défendre, mais pour prendre leurs biens. Honnêtement, je pense que nous devrions, juste pour leur donner une leçon.""</i> ","Uns erreichen verstörende Berichte, wonach größere Teile der Zufluchtsbevölkerung überzeugt sind, dass die Pandoraner-Angriffe vom Phoenix-Projekt aus eigennützigen Motiven provoziert werden – von Weltherrschaftsplänen bis hin zu schlichtem Raubzug. Die Bevölkerung fordert von den Behörden Waffen und Ausrüstung zur Selbstverteidigung.","","","Мы получаем сбивающие с толку сообщения о том, что значительное число жителей убежищ уверены, будто нападения Пандоранов провоцируются Проектом Феникс по самым разнообразным  мотивам, начиная от мирового господства и заканчивая мародерством. Они требуют от властей выдать оружие и прочую амуницию для защиты их домов.","",""
"VOID_OMEN_DESCRIPTION_TEXT_6","Text","","Observations on the field reveal that Pandorans are evolving and adapting to counter our tactics with uncanny velocity, even for Pandoran standards of rapid evolution. A fortunate side effect is that our scientists seem to have taken on the challenge.","现场观察显示潘多拉体以惊人的速度进化和适应，以对抗我们的战术，甚至超过潘多拉体快速进化的标准。一个幸运的副作用是我们的科学家似乎接受了这一挑战。","<i>""A quoi vous attendiez-vous ? Eux aussi sont capables d'apprendre de leurs erreurs.""</i> ","Feldbeobachtungen zeigen, dass sich Pandoraner mit außergewöhnlicher Geschwindigkeit weiterentwickeln, um unsere Taktiken zu kontern – selbst für pandoranische Maßstäbe. Eine erfreuliche Nebenwirkung ist, dass unsere Wissenschaftler diese Herausforderung offenbar mit neuem Eifer annehmen.","","","Наблюдения на местах показывают, что Пандораны эволюционируют и приспосабливаются к нашей тактике со сверхъестественной скоростью, даже по Пандоранским меркам ускоренной эволюции. Удачным побочным эффектом является то, что наши ученые, похоже, приняли это как челлендж.","",""
"VOID_OMEN_DESCRIPTION_TEXT_7","Text","","The repurposed weather satellites we have been using to monitor the Mist are showing manyfold higher concentrations of it in covered areas. Recommend augmenting standard deployment to maintain adequate situational awareness.

<i> ""It has nothing to do with meteorology. We know nothing about the Mist: why it moves, where to, why there is so much more of it all of a sudden. Yes, as a ""Mist Expert"" I admit I'm a fraud."" </i>","我们用来监测迷雾的改装气象卫星显示覆盖区域内迷雾浓度成倍增加。建议增强标准部署以保持足够的态势感知。

<i>“这与气象无关。我们对迷雾一无所知：它为何移动，往哪里去，为什么突然变得如此浓厚。是的，作为‘迷雾专家’，我承认自己是个骗子。”</i>","<i>""Cela n'a rien à voir avec la météorologie. Nous ne savons rien de la brume : pourquoi elle se déplace, où elle va, pourquoi il y en a tellement plus tout d'un coup. Oui, en tant qu'""expert en brouillard"", j'admets que je suis un imposteur.""</i> ","Die umfunktionierten Wettersatelliten zur Überwachung des Nebels zeigen eine um ein Vielfaches erhöhte Konzentration in betroffenen Gebieten. Es wird empfohlen, die Standard-Einsatzstärke zu erhöhen, um ein angemessenes Lagebewusstsein aufrechtzuerhalten.

<i>„Das hat nichts mit Meteorologie zu tun. Wir wissen nichts über den Nebel: Warum er sich bewegt, wohin, warum er plötzlich so viel stärker ist. Ja, als selbsternannter „Nebelexperte“ gebe ich zu, dass ich ein Scharlatan bin.“</i>","","","Перепрофилированные метеорологические спутники, которые мы использовали для мониторинга Тумана, показывают, что его концентрация в некоторых районах во много раз выше предполагаемой. Рекомендуем усилить стандартные отряды для обеспечения адекватного реагирования.

<i> ""Это не имеет никакого отношения к метеорологии. Мы ничего не знаем о Тумане: почему он движется, куда направляется, почему его вдруг стало так много. Да, как «Эксперт по Туману», я признаю, что я не всеведущ."" </i>","",""
"VOID_OMEN_DESCRIPTION_TEXT_7_ALT","Text","","The repurposed weather satellites we have been using to monitor the Mist are detecting significantly expanded coverage in affected areas, though the Mist itself appears to be less densely concentrated.

<i> ""It has nothing to do with meteorology. We know nothing about the Mist: why it moves, where to, why there is so much more of it all of a sudden. Yes, as a ""Mist Expert"" I admit I'm a fraud."" </i>","我们用来监测迷雾的改装气象卫星检测到受影响区域覆盖范围显著扩大，尽管迷雾本身的浓度似乎较低。

<i>“这与气象无关。我们对迷雾一无所知：它为何移动，往哪里去，为什么突然变得如此浓厚。是的，作为‘迷雾专家’，我承认自己是个骗子。”</i>","Les satellites météorologiques réutilisés que nous utilisons pour surveiller la Brume détectent une couverture nettement étendue dans les zones touchées, bien que la Brume elle-même semble moins dense.

<i> « Cela n’a rien à voir avec la météorologie. Nous ne savons rien de la Brume : pourquoi elle se déplace, vers où, et pourquoi il y en a soudainement beaucoup plus. Oui, en tant que ‘spécialiste de la Brume’, j’admets que je suis un imposteur. »</i>","Die umfunktionierten Wettersatelliten, die wir zur Überwachung des Nebels einsetzen, erfassen eine deutlich größere Ausdehnung des Nebels in den betroffenen Gebieten, obwohl der Nebel selbst weniger dicht zu sein scheint.

<i>„Das hat nichts mit Meteorologie zu tun. Wir wissen nichts über den Nebel: Warum er sich bewegt, wohin, warum er plötzlich so viel stärker ist. Ja, als selbsternannter „Nebelexperte“ gebe ich zu, dass ich ein Scharlatan bin.“</i>","","","Перепрофилированные метеорологические спутники, которые мы использовали для мониторинга Тумана, показывают значительное расширение зоны покрытия в пострадавших районах, хотя сам Туман, по-видимому, менее плотный.

<i> ""Это не имеет никакого отношения к метеорологии. Мы ничего не знаем о Тумане: почему он движется, куда направляется, почему его вдруг стало так много. Да, как «Эксперт по Туману», я признаю, что я не всеведущ."" </i>","",""
"VOID_OMEN_DESCRIPTION_TEXT_8","Text","","Reports from our sources in New Jericho indicate that the faction is implementing enhanced security protocols and increased scrutiny of outside contacts. Surprisingly, our intelligence shows that this behavior is being mirrored by the Disciples of Anu and Synedrion.

<i> ""Them and us, we can't help but see the world that way. Odd how sometimes that peaks and we forget that we are all part of the same species. A species that is currently facing extinction.""</i>","来自新耶利哥的消息显示该派系正在实施加强的安全协议并加大对外部联系的审查。令人惊讶的是，我们的情报显示阿努门徒和平衡议会也在采取类似行为。

<i>“他们和我们，我们总是这样看待世界。有趣的是，有时这种看法达到顶峰，我们忘记了我们都是同一个物种——一个正面临灭绝的物种。”</i>","<i>""Eux et nous, on ne peut s'empêcher de voir le monde de cette façon. C'est étrange comme parfois cela culmine et nous oublions que nous faisons tous partie de la même espèce. Une espèce qui est actuellement en voie d'extinction.""</i> ","Berichte aus Neu-Jericho zeigen, dass die Fraktion verschärfte Sicherheitsprotokolle und eine stärkere Überwachung externer Kontakte eingeführt hat. Überraschenderweise spiegeln die Jünger des Anu und Synedrion dieses Verhalten.

<i>„Wir und sie, wir können nicht anders, als die Welt so zu sehen. Seltsam, wie wir manchmal in dieser Denkweise versinken und vergessen, dass wir alle derselben Spezies angehören. Einer Spezies, die vom Aussterben bedroht ist.“</i>","","","Наши источники в Новом Иерихоне сообщают, что фракция внедряет дополнительные протоколы безопасности и усиливает контроль внешних контактов. Удивительно, но наша разведка докладывает, что тоже самое делают Последователи Ану и Синедрион.

<i>""Они - не мы, и мы не можем воспринимать мир так, как они. Однако, иногда это захватывает нас так сильно, что легко забыть: все мы являемся частью одного и того же вида. Вида, который в настоящее время находится на грани вымирания.""</i>","",""
"VOID_OMEN_DESCRIPTION_TEXT_9","Text","","We are receiving reports of a high number of sightings of sizable Pandoran concentrations in the vicinity of havens. Our conclusion is that we are entering a more active phase of Pandoran aggression against remaining centers of population.

<i> ""I would say they are off the leash now, but, if so, who was holding it?""</i>","我们收到报告称，在避难所附近发现大量潘多拉体聚集。我们的结论是，我们正进入潘多拉体对剩余人口中心更为活跃的攻击阶段。

<i>“我本想说它们现在已经脱缰了，但如果真是这样，之前是谁拴着它们？”</i>","<i>""C'est un cauchemar éveillé. Tu peux t'habituer aux cauchemars ?""</i>","Unsere Erkenntnisse weisen auf eine stark erhöhte Anzahl pandoranischer Verbände in der Nähe von Zufluchten hin. Wir treten offenbar in eine neue Phase offener Aggression gegen die verbliebenen Zentren der Menschheit ein.

<i>„Ich würde sagen, sie sind von der Leine gelassen – aber wer hielt sie zuvor?“</i>","","","Мы получаем сообщения о большом количестве случаев обнаружения значительных скоплений Пандоранов вблизи убежищ. Похоже, мы вступаем в более активную фазу агрессии Пандоранов против оставшихся поселений.

<i> ""Я бы сказал, что они совсем сорвались с поводка, но если это так, то кто же его держал?""</i>","",""
"VOID_OMEN_DESCRIPTION_TEXT_10","Text","","Our operatives are exhibiting symptoms akin to myalgic encephalitis, or chronic fatigue syndrome. Field observation and medical examinations confirm strong correlation with prolonged exposure to the Mist.","我们的干员表现出类似肌痛性脑脊髓炎或慢性疲劳综合症的症状。现场观察和医学检查证实，这与长时间暴露于迷雾有很强的相关性。","<i>Je ne peux pas me réveiller Je ne peux pas me réveiller Je ne peux pas me réveiller <b>JE NE PEUX PAS ME REVEILLER</b></i>","Unsere Einheiten zeigen Symptome, die einer myalgischen Enzephalitis bzw. dem chronischen Erschöpfungssyndrom ähneln. Feldbeobachtungen und medizinische Untersuchungen bestätigen eine starke Korrelation mit längerer Nebelexposition.","","","У наших бойцов наблюдаются симптомы, похожие на миалгический энцефалит или синдром хронической усталости. Полевые наблюдения и медицинские осмотры подтверждают устойчивую связь этих симптомов с длительным пребыванием в Тумане.","",""
"VOID_OMEN_DESCRIPTION_TEXT_11","Text","","Pattern analysis of the Behemoth creature and of its surrounding ecology suggests longer periods of above-surface activity for an indeterminate period of time.

<i>""Could this be another milestone in its evolution? Will we be seeing the marine-origin airborne creatures in the 'Festering Skies' walking on land next? I certainly hope not.</i>”","对巨兽及其周围生态的模式分析表明，其地表活动时间将延长，具体时长尚不确定。

<i>“这会是它进化的又一个里程碑吗？我们会不会接下来看到‘腐烂天空’中起源于海洋的飞行生物开始在陆地上行走？我真心希望不会。”</i>","<i>Il ne veut pas s'arrêter</i>","Die Musteranalyse des Behemoth-Wesens und seiner umgebenden Ökologie deutet auf längere Phasen der Aktivität über der Oberfläche für einen unbestimmten Zeitraum hin.

<i>„Ist das ein weiterer Evolutionsschritt? Werden wir die aus dem Meer stammenden, fliegenden Kreaturen aus ‚Faulenden Himmeln‘ als Nächstes an Land sehen? Ich hoffe es nicht.“</i>","","","Анализ структуры этого гигантского существа и окружающей его экологии позволяет предположить более длительные периоды активности в течение неопределенного периода времени.

<i>""Может ли это быть еще одной вехой в его эволюции? Не увидим ли мы в следующий раз летающих существ морского происхождения из ""Гнойного Неба"", внезапно разгуливающими по суше? Я, конечно, надеюсь, что нет.""</i>","",""
"VOID_OMEN_DESCRIPTION_TEXT_12","Text","","Our intelligence shows that the number of Pandorans involved in the attacks against the havens has increased substantially. We speculate that they must be trying to overcome the haven defenses by brute force. Unless other circumstances concur, this simple strategy might prove highly effective.","我们的情报显示，参与攻击避难所的潘多拉体数量大幅增加。我们推测它们正试图通过蛮力突破避难所防御。除非出现其他情况，否则这种简单策略可能非常有效。","<i>Ils nous envoient tout ce qu'ils ont</i>","Die Anzahl der an Angriffen auf Zufluchten beteiligten Pandoraner hat deutlich zugenommen. Offenbar versuchen sie, die Verteidigungsanlagen durch schiere Masse zu überwältigen – eine Strategie, die sich als äußerst effektiv erweisen könnte.","","","Наша разведка докладывает, что число Пандоранов, участвующих в нападениях на убежища, значительно увеличилось. Мы предполагаем, что они, должно быть, получили приказ прорваться любой ценой. Очень может быть, что эта простая стратегия окажется весьма эффективной.","",""
"VOID_OMEN_DESCRIPTION_TEXT_13","Text","","Overhead imagery and field observations confirm our previous suspicions that the Pandorans are using predominantly lower evolution tier creatures to build their colonies, the basic Arthron claw being the main digging utensil. Startlingly, these digging operations have experienced a dramatic increase in number and intensity.","空中影像和现场观察证实了我们之前的怀疑：潘多拉体主要使用较低进化等级的生物来建造殖民地，基本的节肢爪是主要的挖掘工具。令人震惊的是，这些挖掘活动的数量和强度都显著增加。","<i>""Ecoutez, les Colonies Pandoriennes ne se créent pas par hasard... Elles suivent un certain modèle ; je ne peux pas vous dire lequel car nous ne le comprenons pas... pour le moment. Mais je peux vous dire que quelque chose a changé.""</i>","Luftaufklärung und Feldberichte bestätigen unsere früheren Vermutungen, dass die Pandoraner überwiegend niedrig entwickelte Kreaturen zum Bau neuer Kolonien einsetzen, wobei die einfache Arthron-Klaue das wichtigste Grabwerkzeug darstellt. Besonders auffällig ist der massive Anstieg dieser Grabungsaktivitäten in Umfang und Intensität.","","","Снимки с воздуха и полевые наблюдения подтверждают наши прежние подозрения о том, что Пандораны используют преимущественно существ более низкого эволюционного уровня для создания своих колоний, а основным строительным инструментом является клешня Артрона. Поразительно, но количество и интенсивность этих землеройных работ резко возросли.","",""
"VOID_OMEN_DESCRIPTION_TEXT_14","Text","","According to recent field reports we have begun experiencing unexplainable shortcomings in our situational awareness during combat operations. Further analysis and experimentation at our research facilities has led us to an unexpected conclusion: this is a species-wide perception reducing effect tied to an unknown neurological condition.  

<i>Have you noticed how things look less substantial these days? Like they were covered in fog, or made of cotton candy. Maybe it's just me.</i>","根据最新现场报告，我们在战斗行动中开始经历无法解释的态势感知缺失。进一步分析和研究设施的实验得出意外结论：这是一种与未知神经系统疾病相关的全物种感知降低效应。

<i>你有没有注意到最近事物看起来不那么实在了？就像被雾气笼罩，或者像棉花糖做的。也许只是我一个人的感觉。</i>","<i>Avez-vous remarqué que les choses ont l'air moins importantes de nos jours ? Comme si elles étaient couvertes de brouillard ou faites de barbe à papa. Peut-être que c'est juste moi.</i>","Laut jüngsten Feldberichten treten bei uns während Kampfeinsätzen unerklärliche Defizite in unserer Lageerkennung auf. Weitere Analysen und Experimente in unseren Forschungseinrichtungen haben uns zu einer unerwarteten Schlussfolgerung geführt: Es handelt sich um einen die gesamte Spezies betreffenden Wahrnehmungsverlust, der mit einer unbekannten neurologischen Erkrankung zusammenhängt.

<i><color=#e8bcf0>„Schon aufgefallen, dass sich alles weniger real anfühlt? Wie in Nebel gehüllt oder aus Zuckerwatte. Eventuell ist das aber auch nur Einbildung.“</color></i>","","","Согласно поступающим докладам, мы начали испытывать необъяснимые проблемы в боях. Дальнейший анализ и эксперименты в наших исследовательских центрах привели нас к неожиданному выводу: это эффект снижения восприятия в масштабах всего вида, связанный с неизвестным неврологическим заболеванием.

<i>""Вы замечали, что в последнее время все выглядит менее материальным? Как будто все покрыто туманом или сделано из сахарной ваты. Может, это только у меня так?""</i>","",""
"VOID_OMEN_DESCRIPTION_TEXT_15","Text","","The number of reports of encounters with psycho-paranormal phenomena is currently peaking. Since we cannot objectively verify the occurrence of these events, we are increasing the frequency of psyche evaluations of all operatives.

<i>Our people are seeing <b>more</b> oil monsters in the field. Not surprisingly the strict adherents of the scientific method among us are explaining this away as our operatives are going <b>more</b> crazy.""</i>","关于遭遇精神超自然现象的报告目前达到高峰。由于我们无法客观验证这些事件的发生，正在增加对所有干员的心理评估频率。

<i>我们的人员在现场看到的<b>油怪</b>越来越多。不出意外，我们中严格遵循科学方法的人解释为我们的干员变得<b>更加</b>疯狂了。”</i>","<i>""Nos hommes voient de <b>plus en plus</b> de fantômes sur le terrain. Sans surprise, nos adeptes de la méthode scientifique expliquent cela par le fait que nos agents deviennent simplement de <b>plus en plus</b> fous.""</i>","Die Anzahl der gemeldeten Begegnungen mit psycho-paranormalen Erscheinungen erreicht derzeit einen Höhepunkt. Da diese Ereignisse nicht objektiv verifizierbar sind, erhöhen wir die Frequenz psychologischer Untersuchungen aller Einsatzkräfte.

<i>„Unsere Leute sehen <b>mehr</b> Ölmonster. Wenig überraschend erklären unsere streng wissenschaftlichen Kollegen das damit, dass sie einfach <b>verrückter</b> werden.“</i>","","","Количество сообщений о встречах с психо-паранормальными явлениями в настоящее время достигло своего пика. Поскольку мы не можем объективно подтвердить факт существования этих событий, мы увеличиваем частоту психиатрических обследований всех сотрудников.

""<i>Наши люди видят все <b>больше</b> нефтяных фиолетовых монстров в боях. Строгие приверженцы научного метода среди нас объясняют это тем, что наши бойцы все больше сходят с ума.</i>""","",""
"VOID_OMEN_DESCRIPTION_TEXT_16","Text","","We are receiving reports of psycho-paranormal phenomena occurring in areas where no Mist is present. A likely explanation is that it is another manifestation of the mass psychogenic illness or mass hysteria somehow connected to the Oneiric Delirium.","我们收到报告称，在无迷雾区域也出现了精神超自然现象。一个可能的解释是，这可能是与梦魇谵妄相关的群体心理疾病或群体歇斯底里的另一种表现。","<i>Ce n'est pas juste ! Les démons sont censés suivre des règles aussi !</i>","Berichte über psycho-paranormale Ereignisse in nebelfreien Gebieten häufen sich. Eine plausible Erklärung ist eine Form massenpsychogener Erkrankung im Zusammenhang mit dem Oneirischen Delirium.","","","Мы получаем сообщения о психо-паранормальных явлениях, происходящих в районах, где нет Тумана. Вероятным объяснением является то, что это еще одно проявление массового психогенного заболевания или массовой истерии, каким-то образом связанных с Сонным Безумием.","",""
"VOID_OMEN_DESCRIPTION_TEXT_17","Text","","Exploration of havens destroyed by Pandorans typically conform to a scenario of complete destruction of the haven facilities and the physical extermination or kidnapping of all its inhabitants. However, we are receiving reports that havens in areas covered by Mist are suffering a different fate.","对被潘多拉体摧毁的避难所的探索通常符合避难所设施完全毁灭及所有居民被杀害或绑架的情景。然而，我们收到报告称，位于迷雾覆盖区域的避难所遭遇了不同的命运。","<i>Et si c'était leur but ultime ? Faire de nous tous les marionnettes d'une intelligence extraterrestre ?</i>","Bei der Erkundung von Zufluchten, die durch die Pandoraner zerstört wurden, zeigt sich üblicherweise ein Bild der totalen Vernichtung: Die Anlagen sind zerstört, die Bewohner ausgelöscht oder entführt. Uns erreichen jedoch Berichte, wonach Zufluchten in nebelverhangenen Gebieten ein anderes Schicksal ereilt.","","","Исследование убежищ, разрушенных Пандоранами, обычно соответствует сценарию полного уничтожения объектов убежища и физического истребления или похищения всех его обитателей. Однако мы получаем сообщения о том, что убежища в районах, покрытых Туманом, постигает иная участь.","",""
"VOID_OMEN_DESCRIPTION_TEXT_18","Text","","Our intelligence sources within the factions report that they are mobilizing additional personnel to enhance the havens defense capabilities and reduce their dependence on outside help, most notably the Phoenix Project. We have to look for other sources of resource procurement for the time being.

<i>""To keep the Synedrion dream alive, we must keep our people alive. Join the volunteer militia today! Service guarantees basic alimentary allocation."" </i> - Notice on a public Synedrion feed","我们在派系内部的情报显示，他们正在动员更多人员以增强避难所防御能力，减少对外部援助，尤其是凤凰计划的依赖。目前我们必须寻找其他资源获取渠道。

<i>“为了让平衡议会的梦想继续，我们必须让我们的人民活下去。今天就加入志愿民兵吧！服役保证基本食物配给。”</i> — 平衡议会公开信息公告","Nos sources de renseignement au sein des factions rapportent qu’elles mobilisent du personnel supplémentaire afin de renforcer les capacités de défense des refuges et de réduire leur dépendance à l’aide extérieure, notamment celle du Projet Phoenix. Nous devons donc chercher d’autres sources d’approvisionnement en ressources pour le moment.

<i>“Pour que le rêve de Synedrion survive, nous devons garder notre peuple en vie. Rejoignez la milice volontaire dès aujourd’hui ! Le service garantit une allocation alimentaire de base.”</i> - Avis publié sur le flux public de Synedrion
","Unsere Geheimdienstquellen innerhalb der Fraktionen berichten, dass zusätzliches Personal mobilisiert wird, um die Verteidigungsfähigkeit der Zufluchten zu stärken und die Abhängigkeit von externer Hilfe, insbesondere dem Phoenix-Projekt, zu verringern. Wir müssen uns vorerst nach anderen Bezugsquellen für Ressourcen umsehen.

<i>„Um den Traum von Synedrion zu bewahren, müssen wir unser Volk schützen. Tritt noch heute der Freiwilligenmiliz bei! Der Dienst garantiert die Grundversorgung mit Lebensmitteln.“</i> – Mitteilung in einem öffentlichen Synedrion-Feed.","","","Наши разведчики во фракциях сообщают, что там мобилизуют дополнительный персонал для усиления обороноспособности убежищ и уменьшения их зависимости от внешней помощи, в первую очередь - от Проекта Феникс. В настоящее время мы вынуждены искать другие источники закупки ресурсов.

<i>""Чтобы сохранить мечту Синедриона, мы должны сохранить жизнь нашим людям. Присоединяйтесь к добровольческому ополчению сегодня! Служба - это гарантия получение продуктового пайка!"" </i>

- объявление в новостной ленте Синедриона.","",""
"VOID_OMEN_DESCRIPTION_TEXT_19","Text","","We have arrived at a troubling conclusion based on recent operational debriefings: the Pandorans seem to possess intelligence regarding our tactics and war doctrine and are physiologically adapting to it on the fly. Our friends at the Bazaar have confirmed that this is a generalized phenomenon and have expressed willingness to assist us in any way they can.

<i>They *know* us. Is it really all that surprsing? We are seeing their nightmares, they learn our tactics.</i>","根据最近的行动总结，我们得出了一个令人不安的结论：潘多拉体似乎掌握了关于我们战术和战争学说的情报，并且正在生理上即时适应它。我们在市集的朋友们确认这是一个普遍现象，并表示愿意尽其所能协助我们。

<i>他们*了解*我们。这真的令人惊讶吗？我们看到了他们的噩梦，他们学习我们的战术。</i>","<i>Ils nous ""connaissent"". Est-ce vraiment si surprenant ? Nous voyons leurs cauchemars, ils apprennent nos tactiques.""</i>","Nach den jüngsten Einsatznachbesprechungen sind wir zu einer beunruhigenden Schlussfolgerung gelangt: Die Pandoraner scheinen über Informationen zu unseren Taktiken und unserer Kriegsführung zu verfügen und passen sich physiologisch in Windeseile daran an. Unsere Freunde vom Basar haben bestätigt, dass es sich um ein weit verbreitetes Phänomen handelt, und ihre Bereitschaft erklärt, uns nach Kräften zu unterstützen.

<i>„Sie kennen uns. Ist das wirklich überraschend? Wir sehen ihre Albträume – sie lernen unsere Taktiken.“</i>","","","Мы пришли к тревожному выводу, основанному на недавних оперативных отчетах: Пандораны, похоже, обладают информацией о нашей тактике и военной доктрине, и физиологически приспосабливаются к ним налету. Наши друзья с Базара подтвердили, что это распространенное явление, и выразили готовность помочь нам всеми возможными способами.

<i>""Они нас *знают*. Что тут удивительного? Мы видим их кошмары, они учатся с нами воевать.""</i>","",""
"VOID_OMEN_DESCRIPTION_TEXT_20","Text","","<i>They are always coming up with something new.</i>","<i>他们总是在想出新的东西。</i>","<i>Ils sont toujours en train d'inventer quelque chose de nouveau.</i>","<i>„Sie lassen sich immer wieder etwas Neues einfallen.“</i>","","","<i> Они вечно придумывают что-то новое.</i>","",""
"VOID_OMEN_REMOVAL_TEXT_1","Text","","In the aftermath of heightened hostilities and intensified resource acquisition, the operational landscape gradually reverts to established parameters. The aberrant frequency of ambushes diminishes, returning to standard levels.","在敌对行动加剧和资源获取强化的后续阶段，行动环境逐渐恢复到既定参数。异常频繁的伏击现象减少，回归到标准水平。","À la suite de l’intensification des hostilités et de l’augmentation des acquisitions de ressources, le paysage opérationnel revient progressivement aux paramètres habituels. La fréquence anormale des embuscades diminue, retrouvant des niveaux standards.","Nach einer Phase erhöhter Feindseligkeiten und intensiver Ressourcenbeschaffung normalisiert sich die Lage schrittweise. Die ungewöhnlich hohe Häufigkeit von Hinterhalten sinkt wieder auf das übliche Maß.","","","После ряда жестких боев за ресурсы оперативная обстановка постепенно возвращается к обычным параметрам. Аномальная частота засад уменьшается, возвращаясь к стандартному уровню.","",""
"VOID_OMEN_REMOVAL_TEXT_2","Text","","Following a period characterized by a reduction in political engagement, the populace's interest and involvement in factional dynamics show signs of normalization. Diplomatic challenges resume their standard equilibrium. The ebb and flow of diplomatic interactions return to baseline parameters.","在一段政治参与度降低的时期之后，民众对派系动态的兴趣和参与度显示出正常化迹象。外交挑战恢复到标准平衡。外交互动的起伏回归基线参数。","Après une période marquée par une baisse de l’engagement politique, l’intérêt et la participation de la population aux dynamiques factionnelles montrent des signes de normalisation. Les défis diplomatiques retrouvent leur équilibre habituel et le flux des interactions diplomatiques revient aux paramètres standards.","Nach einer Phase abnehmenden politischen Engagements normalisieren sich das Interesse der Bevölkerung an den Machtkämpfen und deren Beteiligung daran wieder. Die diplomatischen Herausforderungen kehren zu ihrem gewohnten Gleichgewicht zurück. Die Dynamik der diplomatischen Interaktionen pendelt sich wieder ein.","","","После периода, характеризующегося снижением политической активности, интерес населения и его вовлеченность в фракционную динамику демонстрируют признаки нормализации. Дипломатические проблемы возвращаются к своему стандартному равновесию. Взлеты и падения дипломатических взаимодействий возвращаются к исходным параметрам.","",""
"VOID_OMEN_REMOVAL_TEXT_3","Text","","The reported increase in feelings of persistent tiredness and increased difficulty in executing strenuous mental or physical tasks has subsided, marking a return to standard operational parameters. We attribute with high confidence the recovery to customary levels of operational efficiency to adjustment in pharmacological and direct-stimulatory therapy. ","报告中持续疲劳感增加以及执行高强度精神或体力任务难度加大的现象已减轻，标志着行动效率恢复到标准参数。我们高度自信地将效率恢复归因于药物治疗和直接刺激疗法的调整。","L’augmentation signalée de la fatigue persistante et des difficultés accrues à accomplir des tâches mentales ou physiques exigeantes a diminué, marquant un retour aux paramètres opérationnels standards. Nous attribuons avec une grande confiance ce rétablissement aux niveaux habituels d’efficacité opérationnelle à l’ajustement des thérapies pharmacologiques et de stimulation directe.","Die berichtete Zunahme anhaltender Müdigkeit und die gesteigerte Schwierigkeit bei anstrengenden geistigen oder körperlichen Tätigkeiten haben nachgelassen, was eine Rückkehr zu den üblichen Leistungsfähigkeitswerten signalisiert. Wir führen die Wiederherstellung der gewohnten Leistungsfähigkeit mit hoher Wahrscheinlichkeit auf die Anpassung der medikamentösen und direkt stimulierenden Therapie zurück.","","","Отмечаемые негативные эффекты (чувство постоянной усталости и неспособность выполнять напряженные умственные или физические задачи) уменьшилось, что свидетельствует о возвращении к стандартным рабочим параметрам. Мы с высокой степенью уверенности связываем восстановление работоспособности до обычного уровня с корректировкой фармакологической и стимулирующей терапии.","",""
"VOID_OMEN_REMOVAL_TEXT_4","Text","","The disconcerting trend observed in operative behavior, marked by increased irritability and self-reliance, has abated. Operational cohesion is restored as operatives regain trust in their teammates. The organization returns to its customary level of teamwork and collaborative task execution","观察到的行动者行为中增加的易怒和自我依赖的令人不安趋势已消退。随着行动者重新建立对队友的信任，行动凝聚力得以恢复。组织回归到其惯常的团队合作和协同任务执行水平。","La tendance inquiétante observée dans le comportement des agents, caractérisée par une irritabilité accrue et une autonomie excessive, a diminué. La cohésion opérationnelle est rétablie, les agents retrouvant confiance en leurs coéquipiers. L’organisation revient à son niveau habituel de travail d’équipe et d’exécution collaborative des missions.","Die zuvor beobachtete Reizbarkeit und Selbstisolierung unserer Einsatzkräfte ist rückläufig. Vertrauen und Zusammenarbeit normalisieren sich, die Mitarbeiter fassen wieder Vertrauen in ihre Teamkollegen. Die Organisation kehrt zu ihrem gewohnten Niveau an Teamarbeit und gemeinsamer Aufgabenerfüllung zurück.","","","Тревожная тенденция в поведении бойцов, характеризующаяся повышенной раздражительностью и уверенностью в себе, уменьшилась. Командная сплоченность восстанавливается по мере того, как бойцы вновь обретают доверие к своим товарищам по оружию. Организация возвращается к привычному уровню командной работы и отрядного выполнения миссий.","",""
"VOID_OMEN_REMOVAL_TEXT_5","Text","","The peculiar shift in attitude among Haven defenders, rendering them perpetually hostile, has concluded. Normalcy is restored, and the defenders resume their customary disposition.","避难所防御者态度的异常转变，使其持续敌对的状况已结束。正常状态恢复，防御者恢复其惯常的态度。","Le changement d’attitude particulier observé chez les défenseurs des refuges, qui les rendait constamment hostiles, a pris fin. La normalité est rétablie et les défenseurs reprennent leur disposition habituelle.","Die ungewöhnliche Feindseligkeit der Zufluchtsverteidiger ist beendet. Die Normalität ist wiederhergestellt, und die Verteidiger nehmen ihre gewohnte Haltung wieder ein.","","","Своеобразный сдвиг в поведении защитников убежищ, который делал их постоянно враждебными, прошел сам собой. Нормальная обстановка восстановлена, и защитники возвращаются к своему обычному поведению.","",""
"VOID_OMEN_REMOVAL_TEXT_6","Text","","The accelerated evolution observed in Pandoran entities, a response to losses sustained in missions and colonies, has ceased. Concurrently, the augmented research output from the Phoenix Project has returned to standard levels. The intricate dance of adaptation and advancement reaches an equilibrium.","潘多拉实体因任务和殖民地损失而加速进化的现象已停止。与此同时，凤凰计划的增强研究产出已回归标准水平。适应与进步的复杂互动达到平衡。","L’évolution accélérée observée chez les entités pandoriennes, réponse aux pertes subies lors des missions et dans les colonies, a cessé. Parallèlement, le rendement accru en recherche du Projet Phénix est revenu à des niveaux standards. La danse complexe de l’adaptation et du progrès atteint un équilibre.","Die bei den pandoranischen Wesen beobachtete beschleunigte Evolution, eine Reaktion auf Verluste in Missionen und Kolonien, ist zum Stillstand gekommen. Gleichzeitig hat sich die gesteigerte Forschungsleistung des Phoenix-Projekts wieder auf das Standardniveau eingependelt. Das komplexe Zusammenspiel von Anpassung und Fortschritt hat ein Gleichgewicht erreicht.","","","Ускоренная эволюция, наблюдаемая у Пандоранских существ в ответ на потери, понесенные в миссиях и колониях, прекратилась. Одновременно с этим процессы исследований в рамках Проекта Феникс вернулись к стандартному уровню. Сложный процесс адаптации и корреляции достиг равновесия.","",""
"VOID_OMEN_REMOVAL_TEXT_7","Text","","The heightened concentrations of Mist observed in covered areas, prompting the augmentation in operative deployment, have abated. The standard Mist levels return, and the organization resumes deploying the customary number of operatives on standard missions. Operational situational awareness is maintained at expected levels.","覆盖区域内观察到的迷雾浓度升高，促使行动者部署增加的情况已减弱。迷雾水平恢复标准，组织恢复在标准任务中部署惯常数量的行动者。行动态势感知维持在预期水平。","Les concentrations accrues de Brume observées dans les zones couvertes, qui avaient justifié l’augmentation du déploiement des agents, ont diminué. Les niveaux de Brume redeviennent standards, et l’organisation reprend le déploiement habituel d’agents lors des missions classiques. La vigilance opérationnelle reste conforme aux attentes.","Die erhöhten Nebelkonzentrationen in den abgedeckten Gebieten haben nachgelassen. Die Organisation setzt wieder auf die gewohnte Anzahl an Einsatzkräften für Standardmissionen. Die operative Lageeinschätzung entspricht dem erwarteten Niveau.","","","Повышенная плотность Тумана, наблюдаемая в некоторых районах и приведшая к усиленному реагированию, уменьшилась. Туман возвращается к обычному уровню, и Феникс возобновляет высадку обычных отрядов в стандартных миссиях. Ситуация продолжает контролироваться в штатном режиме.","",""
"VOID_OMEN_REMOVAL_TEXT_7_ALT","Text","","The previously expanded coverage of Mist observed in affected areas has diminished. Its concentration has also returned to standard levels. Operational situational awareness in areas with Mist presence back at original levels.","先前在受影响区域观察到的迷雾覆盖范围已缩小。其浓度也恢复到标准水平。迷雾存在区域的行动态势感知回归原始水平。","L’étendue de la Brume précédemment élargie dans les zones affectées a diminué. Sa concentration est également revenue à des niveaux standards. La vigilance opérationnelle dans les zones où la Brume est présente retrouve ses niveaux initiaux.","Die zuvor beobachtete ausgeweitete Nebelausdehnung geht zurück. Lageeinschätzung und Sichtverhältnisse entsprechen wieder dem Normalzustand. Auch seine Konzentration entspricht wieder dem ursprünglichen Niveau.","","","","",""
"VOID_OMEN_REMOVAL_TEXT_8","Text","","The heightened diplomatic tensions among factions have dissipated. Intelligence gathered from New Jericho, Disciples of Anu, and Synedrion indicates the conclusion of enhanced security protocols and increased scrutiny of outside contacts. The factions return to standard diplomatic postures, while the temporary doubling of research efforts by factions has concluded.","派系间紧张的外交局势已消散。从新耶利哥、阿努门徒和平衡议会收集的情报显示，强化的安全协议和对外部联系的严格审查已结束。各派系恢复到标准的外交姿态，同时派系研究努力暂时加倍的状态也已结束。","Les tensions diplomatiques accrues entre les factions se sont apaisées. Les renseignements recueillis auprès de la Nouvelle-Jéricho, des Disciples d’Anu et du Synédrion indiquent la fin des protocoles de sécurité renforcés et de la surveillance accrue des contacts extérieurs. Les factions reprennent leurs postures diplomatiques habituelles, tandis que le doublement temporaire des efforts de recherche a pris fin.","Die erhöhten diplomatischen Spannungen zwischen den Fraktionen haben sich gelegt. Geheimdienstinformationen aus Neu-Jericho, den Jüngern Anus und Synedrion deuten darauf hin, dass Sicherheitsmaßnahmen zurückgefahren werden. Die Fraktionen normalisieren ihre diplomatischen Beziehungen. Die vorübergehende Verdopplung ihrer Forschungsaktivitäten ist beendet.","","","Обострившаяся дипломатическая напряженность между фракциями рассеялась. Разведданные, собранные в Новом Иерихоне, Ану и Синедрионе, указывают на принятие усиленных протоколов безопасности и усиление контроля за внешними контактами. Фракции возвращаются к стандартным дипломатическим отношениям, в то время как временное ускорение исследовательских усилий фракций завершилось.","",""
"VOID_OMEN_REMOVAL_TEXT_9","Text","","The heightened frequency of Pandoran concentrations near havens, leading to increased attacks, has subsided. The organization returns to a phase of relative respite from the escalated aggression witnessed against the remaining centers of population. Vigilance, however, remains paramount.","潘多拉体在避难所附近的集中频率升高，导致攻击增加的情况已缓解。组织进入相对平静阶段，远离了对剩余人口中心升级的攻击。然而，警惕性仍然至关重要。","La fréquence accrue des concentrations pandoriennes près des refuges, qui avait entraîné une intensification des attaques, a diminué. L’organisation entre dans une phase de répit relatif face à l’agression accrue observée contre les derniers centres de population. La vigilance reste néanmoins primordiale.","Die Häufung pandoranischer Kräfte nahe den Zufluchten geht zurück. Die Phase erhöhter Aggression klingt ab. Wachsamkeit bleibt jedoch unerlässlich.","","","Скопления Пандоранов вблизи убежищ рассеялись, массированные нападения прекратились. Организация возвращается к фазе относительной передышки после эскалации агрессии, направленной против оставшихся поселений. Однако бдительность терять нельзя..","",""
"VOID_OMEN_REMOVAL_TEXT_10","Text","","The period marked by stronger than expected effects of Mist exposure has concluded. Our operatives, who previously exhibited symptoms resembling myalgic encephalitis or chronic fatigue syndrome, have undergone a transition. ","迷雾暴露产生的超预期强烈影响期已结束。之前表现出类似肌痛性脑炎或慢性疲劳综合症症状的干员，已完成转变。","La période marquée par des effets plus forts que prévu de l’exposition à la Brume est terminée. Nos agents, qui présentaient auparavant des symptômes proches de l’encéphalomyélite myalgique ou du syndrome de fatigue chronique, ont maintenant entamé une phase de transition.","Die verstärkten Auswirkungen langfristiger Nebelexposition sind beendet. Unsere Einsatzkräfte, die zuvor Symptome ähnlich einer Myalgischen Enzephalitis oder eines chronischen Erschöpfungssyndroms aufwiesen, zeigen wieder normale Belastbarkeit.","","","Период, ознаменовавшийся более сильными, чем ожидалось, последствиями воздействия Тумана, подошел к концу. Наши бойцы, у которых ранее наблюдались симптомы энцефалита и синдрома хронической усталости, пришли в себя.","",""
"VOID_OMEN_REMOVAL_TEXT_11","Text","","The departure from established behavioral patterns exhibited by Behemoth entities concludes, restoring conventional expectations of their sub-surface duration. The previously elevated disruption threshold, indicative of prolonged above-surface activity, reverts to its customary parameters.","巨兽实体表现出的偏离既定行为模式的时期结束，恢复了对其地下停留时间的常规预期。之前指示其长时间地表活动的较高干扰阈值，已回归到惯常参数。","L’écart par rapport aux comportements habituels des entités Behemoth prend fin, rétablissant les attentes classiques concernant leur durée sous la surface. Le seuil de perturbation auparavant élevé, révélateur d’une activité prolongée en surface, revient à ses paramètres habituels.","Das Verhalten der Behemoth-Entitäten normalisiert sich. Oberirdische Aktivitätsphasen kehren zu bekannten Mustern zurück. Die zuvor verlängerte Aktivität über der Oberfläche kehrt zum ursprünglichen Muster zurück.","","","Отход от устоявшейся модели поведения, демонстрируемый гигантским существом относительно продолжительности его пребывания под поверхностью воды, завершился. Повышенная ранее продолжительность активности в ""Небе"" возвращается к своим обычным параметрам.","",""
"VOID_OMEN_REMOVAL_TEXT_12","Text","","The surge in Pandoran forces involved in attacks against havens concludes, marking a return to standard levels of engagement. The speculated strategy of overwhelming haven defenses through brute force diminishes, and the havens resume facing challenges within customary parameters.","参与攻击避难所的潘多拉体部队激增现象结束，交战水平恢复到标准水平。通过蛮力压倒避难所防御的推测策略减弱，避难所重新面临常规范围内的挑战。","La montée en puissance des forces pandoriennes impliquées dans les attaques contre les refuges prend fin, marquant un retour à des niveaux d’engagement standard. La stratégie supposée de submerger les défenses des refuges par la force brute s’atténue, et les refuges retrouvent des défis conformes aux paramètres habituels.","Der Anstieg der pandoranischen Streitkräfte bei Angriffen auf Zufluchten ist beendet und sinkt auf das übliche Maß. Die vermutete Strategie, die Verteidigung der Zufluchten mit roher Gewalt zu überwältigen, verliert an Bedeutung. Angriffe auf Zufluchten erfolgen wieder innerhalb gewohnter Parameter.","","","Увеличение численности Пандоранских отрядов при нападениях на убежища завершился. Происходит возвращение к стандартному уровню боевых действий. Предполагаемая стратегия прорыва обороны убежищ грубой силой ослабевает, и убежища снова сталкиваются со стандартными набегами.","",""
"VOID_OMEN_REMOVAL_TEXT_13","Text","","The accelerated pace of Pandoran colony construction has abated. The construction operations return to their customary tempo, offering a brief reprieve in the intensity and number of new colonies established.","潘多拉殖民地建设的加速趋势已减缓。建设活动恢复到惯常节奏，带来新殖民地数量和强度的短暂缓解。","Le rythme accéléré de construction des colonies pandoriennes a diminué. Les opérations de construction reprennent leur tempo habituel, offrant un bref répit face à l’intensité et au nombre de nouvelles colonies établies.","Das beschleunigte Tempo pandoranischer Koloniegründungen lässt nach. Bauaktivitäten kehren zu ihrem üblichen Rhythmus zurück, was eine kurze Atempause ermöglicht.","","","Ускоренные темпы строительства Пандоранских Колоний снизились. Копание нор возвращается к своему обычному темпу, что дает небольшую передышку в интенсивности и количестве создаваемых новых колоний.","",""
"VOID_OMEN_REMOVAL_TEXT_14","Text","","The unexplainable shortcomings in situational awareness during combat operations, linked to a species-wide perception-reducing effect, have dissipated. Our understanding of the unknown neurological condition remains limited, but operational perception is restored to previous baseline level.","与物种范围内感知降低效应相关的战斗行动中无法解释的态势感知不足现象已消散。我们对该未知神经状况的理解仍有限，但作战感知已恢复到先前基线水平。","Les déficiences inexpliquées de la perception situationnelle lors des opérations de combat, liées à un effet réduisant la perception à l’échelle de l’espèce, ont disparu. Notre compréhension de cette condition neurologique inconnue reste limitée, mais la perception opérationnelle retrouve son niveau de référence précédent.","Die zuvor beobachteten Einschränkungen der Gefechtswahrnehmung haben sich aufgelöst. Unser Verständnis der unbekannten neurologischen Störung ist weiterhin begrenzt, aber die operative Wahrnehmung hat wieder das vorherige Niveau erreicht.","","","Необъяснимые недостатки в ориентировании во время боевых действий, связанные с эффектом снижения восприятия в масштабах всего вида, устранены. Наше понимание неизвестного неврологического состояния остается ограниченным, но оперативное восприятие восстанавливается до прежнего базового уровня.","",""
"VOID_OMEN_REMOVAL_TEXT_15","Text","","Reports of encounters with psycho-paranormal phenomena have subsided to previously customary levels. Ongoing psyche evaluations of operatives are maintained for comprehensive assessment.","关于精神超自然现象遭遇的报告已降至先前的常规水平。干员的心理评估持续进行以确保全面监测。","Les signalements de rencontres avec des phénomènes psycho‑paranormaux sont revenus à des niveaux habituels. Les évaluations psychiques des agents se poursuivent afin d’assurer un suivi complet.","Meldungen über psycho-paranormale Phänomene gehen auf das übliche Niveau zurück. Psychologische Beobachtung bleibt bestehen.","","","Количество сообщений о столкновениях с психо-паранормальными явлениями снизилось до обычного уровня. Для всесторонней оценки проводятся постоянные психические обследования бойцов.","",""
"VOID_OMEN_REMOVAL_TEXT_16","Text","","Reports of psycho-paranormal phenomena manifesting in areas devoid of Mist have subsided. Operational vigilance remains a priority.","在无迷雾区域出现精神超自然现象的报告已减少。作战警戒仍为优先事项。","Les signalements de phénomènes psycho‑paranormaux survenant dans des zones dépourvues de Brume ont diminué. La vigilance opérationnelle demeure une priorité.","Berichte über psycho-paranormale Phänomene in nebellosen Gebieten haben nachgelassen. Wachsamkeit im Einsatz bleibt weiterhin oberste Priorität.","","","Количество сообщений о психо-паранормальных явлениях, проявляющихся в районах, где нет Тумана, уменьшилось. Но мы продолжаем наблюдения...","",""
"VOID_OMEN_REMOVAL_TEXT_17","Text","","The anomalous fate befalling havens destroyed by Pandorans, particularly in areas enveloped by Mist, undergoes diminution to previously observed standards.","潘多拉体摧毁的避难所，尤其是被迷雾笼罩区域，遭遇异常命运的现象已减弱至先前观察到的标准水平。","Le sort anormal des refuges détruits par les Pandoriens, en particulier dans les zones enveloppées de Brume, diminue pour revenir aux niveaux observés précédemment.","Das ungewöhnliche Schicksal nebelbedeckter Zufluchten nach pandoranischen Angriffen tritt seltener auf.","","","Аномальное количество заражений убежищ, разрушенных Пандоранами, особенно в районах, окутанных Туманом, снижается до уровня, наблюдавшегося ранее.","",""
"VOID_OMEN_REMOVAL_TEXT_18","Text","","The heightened defense capabilities of havens, facilitated by increased factional mobilization, have stabilized. Simultaneously, the reduced dependence on external assistance, notably from the Phoenix Project, concludes.","避难所因派系动员增强而提升的防御能力已趋于稳定。同时，对外部援助，尤其是来自凤凰计划的依赖减少，已告一段落。","Les capacités défensives accrues des refuges, permises par une mobilisation factionnelle renforcée, se stabilisent. Parallèlement, la dépendance réduite à l’aide extérieure, notamment celle du Projet Phénix, prend fin.","Die erhöhten Verteidigungsfähigkeiten der Zuflucht normalisieren sich. Gleichzeitig endet die Phase der verringerten Abhängigkeit von externer Hilfe, insbesondere vom Phoenix-Projekt, ab.","","","Наращивание обороны убежищ на фоне усиленной мобилизации фракций завершилось. Одновременно отмечается снижение зависимости от внешней помощи, в частности, от Проекта Феникс.","",""
"VOID_OMEN_REMOVAL_TEXT_19","Text","","The unsettling phenomenon of Pandorans gaining adaptive resistance to our tactics and war doctrine has abated. Based on recent operational debriefings, it appears that the Pandorans' seemingly intelligent adaptation to our strategies has concluded. Our associates at the Bazaar claim that they are unable to sustain provision of goods and services at reduced prices.","潘多拉体对我们战术和战争学说获得适应性抗性的令人不安现象已减弱。根据近期行动总结，潘多拉体对我们策略的表面智能适应似乎已结束。市集的合作伙伴声称他们无法继续以降低价格提供商品和服务。","Le phénomène inquiétant des Pandoriens développant une résistance adaptative à nos tactiques et doctrines de guerre a diminué. D’après les récents débriefings opérationnels, il semble que l’adaptation apparemment intelligente des Pandoriens à nos stratégies soit terminée. Nos contacts au Bazar affirment qu’ils ne peuvent plus maintenir la fourniture de biens et services à prix réduits.","Die adaptive Resistenz der Pandoraner gegen unsere Taktiken nimmt ab. Jüngsten Einsatzberichten zufolge scheint die scheinbar intelligente Anpassung der Pandoraner an unsere Strategien abgeschlossen zu sein. Unsere Partner auf dem Basar geben an, dass sie die Versorgung mit Waren und Dienstleistungen zu reduzierten Preisen nicht aufrechterhalten können.","","","Тревожный феномен усиления адаптивной стойкости Пандоранов к нашей тактике и оружию прошел. Судя по недавним оперативным отчетам, кажется, что адапционный потенциал Пандоранов исчерпан. Наши партнеры на Рынке утверждают, что они более не в состоянии поддерживать поставку товаров и услуг по сниженным ценам.","",""
"VOID_OMEN_DESCRIPTION_TEXT_EXTRA_HELENA_5","Text","","<i>""Belief in extravagant conspiracy theories, attributing supreme power of manipulation and nefarious purpose to an ethnic group or some other collective, was a hallmark of our pre-collapse civilization. Some things I wish we could put under the ground and never dig up.""</i>","<i>“相信夸张的阴谋论，将至高操控力和邪恶目的归咎于某个族群或其他集体，是我们崩溃前文明的标志。有些事情我真希望我们能埋葬起来永不挖掘。”</i>","<i> « La croyance en des théories du complot extravagantes, attribuant un pouvoir suprême de manipulation et des intentions néfastes à un groupe ethnique ou à toute autre collectivité, était une caractéristique de notre civilisation d’avant l’effondrement. Certaines choses, j’aimerais qu’on puisse les mettre sous terre et ne jamais les déterrer. »</i>","<i>„Der Glaube an absurde Verschwörungstheorien war schon vor dem Zusammenbruch ein Markenzeichen unserer Zivilisation. Manche Dinge hätte man besser begraben.“</i>","","","<i>""Вера в экстравагантные теории заговора, приписывающие этнической группе или какой-либо другой группе нереальную силу манипулирования и, заодно, гнусные цели, была отличительной чертой нашей цивилизации, существовавшей до апокалипсиса. Какашки, которые я хотела бы глубоко зарыть в землю и никогда не выкапывать обратно.""</i>","",""
"VOID_OMEN_DESCRIPTION_TEXT_EXTRA_HELENA_6","Text","","<i>""Have we always been in this race? Also those that had called Earth their home before us?""</i>","<i>“我们一直都在这场竞赛中吗？还有那些在我们之前称地球为家的先行者？”</i>","<i> « Avons‑nous toujours été dans cette course ? Et ceux qui appelaient la Terre leur foyer avant nous ? »</i>","<i>„Waren wir schon immer in diesem Wettlauf? Und auch diejenigen, die vor uns die Erde ihre Heimat nannten?“</i>","","","<i>""Всегда ли мы участвовали в этой гонке? А те, которые еще до нас называли Землю своим домом?""</i>","",""
"VOID_OMEN_INTRO","Text","","We believe we are observing the first effects of the Oneiric Delirium on a collective scale. The phenomenon is akin to mass hysteria.

Synedrion psycho-sociologists are rationalizing the documented instances of widespread psychosis as the result of stresses to which our communities are subjected when our species is facing the possibility of extinction.

However, the global scale and eerie thematic homogeneity of these events suggests a different causal relationship.

Given what we know about the Oneiric Delirium and its connection to the Mist, there is little room for doubt: our collective psyche has become another battleground in our struggle with the Pandoravirus.","我们相信正在观察梦魇谵妄在集体层面的初步影响。这种现象类似于群体歇斯底里。

平衡议会的心理社会学家将广泛精神病发作的记录归因于当我们的物种面临灭绝可能时，社区所承受的压力。

然而，这些事件的全球规模和诡异的主题同质性暗示了不同的因果关系。

鉴于我们对梦魇谵妄及其与迷雾的联系所知，几乎无可置疑：我们的集体心灵已成为我们与潘多拉病毒斗争的另一个战场。","Nous pensons que nous observons les premiers effets du Delirium à l'échelle collective. Le phénomène s'apparente à une hystérie de masse.

Les psychosociologues de Synedrion rationalisent les cas documentés de psychose généralisée comme étant le résultat du stress auquel nos communautés sont soumises lorsque notre espèce est confrontée à la possibilité d'extinction.

Cependant, l'échelle mondiale et l'étrange homogénéité thématique de ces événements suggèrent une relation causale différente.

Compte tenu de ce que nous savons du Delirium et de son lien avec la Brume, le doute n'est plus permis : notre psyché collective est devenue un autre champ de bataille dans notre lutte contre le pandoravirus.","Wir glauben, die ersten Auswirkungen des Oneirischen Deliriums auf kollektiver Ebene zu beobachten. Das Phänomen ähnelt einer Massenhysterie.

Psychosoziologen des Synedrion erklären die dokumentierten Fälle weitverbreiteter Psychosen mit dem Stress, dem unsere Gemeinschaften ausgesetzt sind, während unsere Spezies vor dem Aussterben steht.

Das globale Ausmaß und die unheimliche thematische Homogenität dieser Ereignisse deuten jedoch auf einen anderen Kausalzusammenhang hin.

Angesichts unseres Wissens über das Oneirische Delirium und seine Verbindung zum Nebel besteht kaum ein Zweifel: Unsere kollektive Psyche ist zu einem weiteren Schlachtfeld im Kampf gegen das Pandoravirus geworden.","","","Мы считаем, что наблюдаем первые проявления Сонного Безумия в коллективном масштабе. Это явление сродни массовой истерии.

Психосоциологи Синедриона объясняют документально подтвержденные случаи широкого распространения психозов как результат стрессов, которым подвергаются наши сообщества, когда наш вид оказывается на грани вымирания.

Однако глобальный масштаб и жуткая тематическая однородность этих событий наводят на мысль о другой причинно-следственной связи.

Учитывая то, что мы знаем о Сонном Безумии и его связи с Туманом, остается мало места для сомнений: наша коллективная психика стала еще одним полем битвы в нашей борьбе с Пандоравирусом.","",""
"VOID_OMEN_INTRO_TITLE","Text","","Omens of the Void","虚空预兆","Les Influences du Néant","Omen der Leere","","","Знамения Пустоты","",""
"SDI_01_TEXT_GENERAL_0","Text","","We are ready to share our preliminary findings regarding the new Pandoravirus outbreak.

The viral mist is an extremely unusual phenomenon. It is in fact a highly complex aerosol, capable of moving with deliberation and transporting viral DNA and other microbes.

It is our belief that the vast waves of mist that helped cause the destruction of civilization were generated underwater by gigantic, mutated structures. Each wave, including the current one (referred to by the population as the Third Mist), has slightly different properties.
","我们准备分享关于新一轮潘多拉病毒爆发的初步发现。

病毒迷雾是一种极为异常的现象。它实际上是一种高度复杂的气溶胶，能够有意识地移动并携带病毒DNA及其他微生物。

我们相信，导致文明毁灭的巨大迷雾浪潮是由水下巨型变异结构产生的。每一波浪潮，包括当前被民众称为第三迷雾的浪潮，具有略微不同的特性。
","Nous sommes prêts à partager nos premières observations concernant la nouvelle épidémie de Pandoravirus.

La Brume virale est un phénomène extrêmement inhabituel. Il s’agit en fait d’un aérosol très complexe, capable de se déplacer de manière délibérée et de transporter de l’ADN viral ainsi que d’autres microbes.

Nous pensons que les vastes vagues de Brume ayant contribué à la destruction de la civilisation ont été générées sous l’eau par d’immenses structures mutées. Chaque vague, y compris celle actuelle (appelée par la population la Troisième Brume), possède des propriétés légèrement différentes.","Wir sind bereit, unsere vorläufigen Erkenntnisse zum neuen Pandoravirus-Ausbruch zu teilen.

Der virale Nebel ist ein äußerst ungewöhnliches Phänomen. Es handelt sich dabei um ein hochkomplexes Aerosol, das sich gezielt bewegen kann und virale DNA sowie andere Mikroorganismen transportiert.

Wir gehen davon aus, dass die gewaltigen Nebelwellen, die zur Zerstörung der Zivilisation beigetragen haben, unter Wasser von gigantischen, mutierten Strukturen erzeugt wurden. Jede Welle, einschließlich der aktuellen (von der Bevölkerung als „Dritter Nebel“ bezeichnet), weist leicht unterschiedliche Eigenschaften auf.","","","Мы готовы поделиться нашими предварительными выводами относительно новой вспышки Пандоравирусной инфекции.

Вирусный Туман - чрезвычайно необычное явление. На самом деле это очень сложный аэрозоль, способный целенаправленно перемещаться и переносить вирусную ДНК и другие микробы.

Мы считаем, что огромные волны Тумана, которые привели к гибели цивилизации, были созданы под водой гигантскими мутировавшими структурами. Каждая волна, включая текущую (которую люди называет Третьим Туманом), имеет несколько отличающиеся друг от друга свойства.","",""
"SDI1_OUTCOME","Text","","We have received reports of a variety of afflictions suffered by individuals who have traveled or reside in areas covered by the mist: tiredness, lack of energy, brain fog, anguish, and sometimes hallucinations.

So far we can conclude the following:

1) Symptoms never fully disappear, but are negligible when the subjects are fully rested, and progressively become worse as they exert themselves.
2) Symptoms get worse if the subject stays or returns to locations where mist is present.

We have termed this condition ""Oneiric Delirium"", on account of the subjects complaining of nightmares, or ""crazy dreams"", with similar themes of monstrous degeneration and smothering.

<color=#ec9006><b>Our operatives can now be afflicted with a Delirium status of up to a third of their Willpower</b></color>","我们收到报告，称在迷雾覆盖区域旅行或居住的个体遭受多种症状：疲劳、无力、大脑迷雾、痛苦，有时还有幻觉。

目前我们可以得出以下结论：

1）症状从未完全消失，但在个体充分休息时可忽略不计，且随着体力消耗逐渐加重。
2）若个体停留或返回有迷雾的地点，症状会恶化。

我们将此状况称为“梦魇谵妄”，因患者抱怨噩梦或“疯狂梦”，主题多为怪物变异和窒息感。

<color=#ec9006><b>我们的干员现在可能受到高达其意志力三分之一的谵妄状态影响</b></color>","Nous avons reçu des rapports concernant diverses afflictions touchant les individus ayant voyagé ou résidant dans des zones couvertes par la Brume : fatigue, manque d’énergie, brouillard mental, angoisse, et parfois hallucinations.

Jusqu’à présent, nous pouvons conclure ce qui suit :

1/ Les symptômes ne disparaissent jamais complètement, mais sont négligeables lorsque les sujets sont pleinement reposés, et s’aggravent progressivement lorsqu’ils se fatiguent.
2/ Les symptômes s’intensifient si le sujet reste ou retourne dans des lieux où la Brume est présente.

Nous avons nommé cette condition « Delirium », en raison des plaintes des sujets concernant des cauchemars, ou des « rêves fous », présentant des thèmes similaires de dégénérescence monstrueuse et d’étouffement.

<color=#ec9006><b>Nos unités peuvent désormais être affectées par un statut Delirium pouvant atteindre le tier de leur Volonté</b></color>","Uns liegen Berichte über diverse Heimsuchungen vor, die Personen befallen, welche nebelverhangene Gebiete bereist oder dort gelebt haben: Müdigkeit, Energielosigkeit, geistige Trübung, Seelenqualen und mitunter Halluzinationen.

Bisher können wir Folgendes feststellen:

1. Die Symptome verschwinden nie vollständig, sind aber im ausgeruhten Zustand kaum wahrnehmbar und verschlimmern sich bei Anstrengung.

2. Die Symptome verstärken sich bei Aufenthalt oder Rückkehr in nebelverseuchte Gebiete.

Wir haben diesen Zustand als „Oneirisches Delirium“ bezeichnet, da die Betroffenen über Albträume oder „wirre Träume“ klagen, die ähnliche Motive von monströser Degeneration und Beklemmung aufweisen.

<color=#B45FBB><b>Das Delirium kann nun bis zu einem Drittel der Willenskraft unserer Einheiten blockieren!</b></color>","","","Мы получили сообщения о различных недугах, от которых страдают люди, путешествующие или проживающие в районах, покрытых Туманом: усталость, недостаток энергии, затуманивание сознания, тоска, а иногда и галлюцинации.

На данный момент мы можем сделать следующие выводы:

1) Симптомы никогда полностью не исчезают, но уменьшаются, если больной полностью отдохнул, и постепенно ухудшаются по мере того, как он бодрствует.
2) Симптомы усиливаются, если больной остается или возвращается в места, где присутствует Туман.

Мы назвали это состояние ""Сонным Безумием"" из-за того, что больные жаловались на удушающие ночные кошмары, или ""безумные сны"", со схожими видениями чудовищ.

<color=#ec9006><b>Теперь наши бойцы могут получать статус заражения Сонным Безумием с максимальным уровнем до трети их Силы Воли</b></color>","",""
"SDI_01_TITLE","Text","","The Third Mist","第三迷雾","La Troisième Brume","Der Dritte Nebel","","","Третий Туман","",""
"SDI6_OUTCOME","Text","","The Oneiric Delirium grows stronger.

<color=#e8bcf0><b>Our operatives can now be afflicted with a Delirium status of up to half of their Willpower</b></color>","梦魇谵妄加剧。

<color=#e8bcf0><b>我们的干员现在可能受到高达其意志力一半的谵妄状态影响</b></color>","Le Delirium s’intensifie.

<color=#e8bcf0><b>Nos unités peuvent désormais être affectées par un statut Delirium pouvant atteindre la moitié de leur Volonté</b></color>","Das Oneirische Delirium wird stärker.

<color=#e8bcf0><b>Unsere Einheiten können nun von einem Delirium / Traum befallen werden, das bis zu die Hälfte ihrer Willenskraft ausmacht.</b></color>","","","Сонное Безумие становится все сильнее.

<color=#e8bcf0><b>Теперь наши бойцы могут получать статус заражения Сонным Безумием с максимальным уровнем до половины их Силы Воли</b></color>","",""
"SDI7_OUTCOME","Text","","<color=#e8bcf0><b>Havens in the Mist can become infested instead of destroyed when attacked by Pandorans. Infested havens accelerate Pandoran evolution.</b></color>","<color=#e8bcf0><b>迷雾中的避难所在遭受潘多拉体攻击时可以被感染而非摧毁。被感染的避难所会加速潘多拉体的进化。</b></color>","<color=#e8bcf0><b>Les refuges dans la Brume peuvent être infestés plutôt que détruits lorsqu’ils sont attaqués par les Pandoriens. Les refuges infestés accélèrent l’évolution pandorienne.</b></color>","<color=#e8bcf0><b>Zufluchten im Nebel können bei Angriffen von Pandoranern befallen statt zerstört werden. Befallene Zufluchten beschleunigen die pandoranische Evolution.</b></color>","","","<color=#e8bcf0><b>Убежища в Тумане могут быть заражены, а не уничтожены при нападении Пандоранов. Зараженные убежища ускоряют эволюцию Пандоранов.</b></color>","",""
"SDI09_OUTCOME","Text","","<color=#e8bcf0><b>The Umbra grow in strength</b></color>","<color=#e8bcf0><b>幽影力量增强</b></color>","<color=#e8bcf0><b>Les Umbra gagnent en puissance</b></color>","<color=#e8bcf0><b>Die Umbra gewinnen an Stärke</b></color>","","","<color=#e8bcf0><b>Фиолетовые Твари становятся сильнее</b></color>","",""
"SDI10_OUTCOME","Text","","The Oneiric Delirium grows stronger.

<color=#e8bcf0><b>Our operatives can now be afflicted with a Delirium status equal to their Willpower</b></color>","梦魇谵妄增强。

<color=#e8bcf0><b>我们的干员现在可能会受到等同于其意志力的谵妄状态影响</b></color>","Le Delirium s’intensifie.

<color=#e8bcf0><b>Nos unités peuvent désormais être affectées par un statut Delirium égal à leur Volonté</b></color>","Das Oneirische Delirium wird stärker.

<color=#e8bcf0><b>Unsere Einheiten können nun von einem Delirium befallen werden, dessen Stärke ihrer Willenskraft entspricht.</b></color>","","","Сонное Безумие становится еще сильнее.

<color=#e8bcf0><b>Теперь наши бойцы могут получать статус заражения Сонным Безумием с максимальным уровнем равным их Силе Воли</b></color>","",""
"SDI11_OUTCOME","Text","","<b> Berith are coming! </b>","<b>贝里斯正在来临！</b>","<b>Les Berith arrivent !</b>","<b>Die Berith kommen!</b>","","","<b> Они идут! </b>","",""
"KEY_VOID_OMEN_NEW","Text","","NEW:","新：","NOUVEAU :","NEU:","","","НОВОЕ:","",""
"KEY_VOID_OMEN_LUCKY_ROLL","Text","","""Can you feel it? The weight lifting off your chest? These days we are lucky if we get any respite at all."" - Alistair Ashby","“你能感觉到吗？胸口的重担正在消散？如今我们能有任何喘息的机会都算幸运了。” - 阿利斯泰尔·阿什比","« Tu le sens ? Ce poids qui se lève de ta poitrine ? Ces jours-ci, on a de la chance si on a un moment de répit, même un tout petit. » - Alistair Ashby","<i>„Spürst du es? Wie eine Last von deiner Brust fällt? Heutzutage können wir uns glücklich schätzen, wenn wir überhaupt etwas Ruhe finden.“</i> – Alistair Ashby","","","""Ты чувствуешь это? Тяжесть упала с твоих плеч? В эти дни нам везет, если мы вообще получаем передышку"" - Алистер Эшби","",""
"KEY_VOID_OMEN_REMOVED_TEXT0","Text","","REMOVED:","移除：","SUPPRIMÉ :","ENTFERNT:","","","ЗАВЕРШЕНО:","",""
"KEY_VOID_OMEN_REMOVED_TEXT1","Text","","passed over.","被忽视。","ignoré.","übergangen.","","","завершено.","",""
"KEY_VOID_OMEN_REMOVED0","Text","","You destroyed a Pandoran Colony!","你摧毁了一个潘多拉殖民地！","Vous avez détruit une colonie pandorienne !","Du hast eine pandoranische Kolonie zerstört!","","","Вы уничтожили Пандоранскую колонию!","",""
"KEY_VOID_OMEN_REMOVED1","Text","","The odds are in your favor!","胜算对你有利！","Les chances sont de votre côté !","Die Chancen stehen zu deinen Gunsten!","","","Шансы на вашей стороне!","",""
"KEY_VOID_OMEN_REMOVED2","Text","","replaced by new Void Omen.","被新的虚空预兆取代。","remplacé par la nouvelle Influence du Néant.","ersetzt durch ein neues Omen der Leere.","","","заменено новым Знамением Пустоты!","",""
"KEY_ODPIA_TEXT","Text","","Oneiric Delirium Psychosocial Impact Assessment","梦魇谵妄心理社会影响评估","Évaluation de l’impact psychosocial du Delirium","Oneirisches Delirium – Psychosoziale Folgenabschätzung","","","Оценка психосоциального воздействия Сонного Безумия","",""
"KEY_EXCREPT","Text","","Excerpt from","摘录自","Extrait de","Auszug aus","","","Выдержка из документа","",""
"KEY_EXECUTIVE_SUMMARY","Text","","Executive Summary","执行摘要","Résumé exécutif","Zusammenfassung","","","Краткое содержание","",""
